split_strategy,feature_set,model,fallback_reason,n_features,pr_auc,roc_auc,precision,recall,f1,mcc,accuracy,tn,fp,fn,tp
random,baseline_basic,lightgbm,,52,0.6214068791380116,0.920363696644461,0.875,0.4,0.5490196078431373,0.5828328869786039,0.977,23112,48,504,336
random,optimized_domain_uid,lightgbm,,126,0.6558122763800598,0.9295669360144748,0.8979057591623036,0.4083333333333333,0.5613747954173486,0.597139514951677,0.9776666666666667,23121,39,497,343
