run_name,threshold,random_seed,model_name,feature_group,split,training_time_seconds,prediction_time_seconds,pr_auc,roc_auc,precision,recall,f1,mcc,accuracy,tn,fp,fn,tp,n_samples,positive_support,actual_model_name,fallback_reason,feature_count
stage2,0.5,42,dummy,transaction_basic,valid,1.7975842999876477,0.17543130001286045,0.035,0.5,0.0,0.0,0.0,0.0,0.965,23160,0,840,0,24000,840,dummy,,52
stage2,0.5,42,logistic_regression,transaction_basic,valid,27.038590899959672,0.19545559998368844,0.20797681150056208,0.8271589974504484,0.09815188693896568,0.7523809523809524,0.17365022667948893,0.2080766004640596,0.749375,17353,5807,208,632,24000,840,logistic_regression,,52
stage2,0.5,42,resolved_tree_model,transaction_basic,valid,2.57693169999402,0.21573709999211133,0.616242666700954,0.9171184667735833,0.8626943005181347,0.3964285714285714,0.5432300163132137,0.5758125930733098,0.9766666666666667,23107,53,507,333,24000,840,lightgbm,,52
