run_name,threshold,random_seed,model_name,feature_group,split,training_time_seconds,prediction_time_seconds,pr_auc,roc_auc,precision,recall,f1,mcc,accuracy,tn,fp,fn,tp,n_samples,positive_support,actual_model_name,fallback_reason,feature_count
stage2,0.5,42,resolved_tree_model,transaction_basic,valid,2.6715894999797456,0.2151122999493964,0.616242666700954,0.9171184667735833,0.8626943005181347,0.3964285714285714,0.5432300163132137,0.5758125930733098,0.9766666666666667,23107,53,507,333,24000,840,lightgbm,,52
stage2,0.5,42,resolved_tree_model,transaction_identity,valid,2.8682130000088364,0.26493740000296384,0.6125297924743914,0.9161695040710586,0.8654353562005277,0.3904761904761905,0.5381460213289582,0.5723723127177303,0.9765416666666666,23109,51,512,328,24000,840,lightgbm,,69
stage2,0.5,42,resolved_tree_model,transaction_identity_missing,valid,3.0005344999954104,0.26901440002257004,0.6139770464101535,0.9193620466321244,0.8776041666666666,0.4011904761904762,0.5506535947712419,0.5846397845696834,0.9770833333333333,23113,47,503,337,24000,840,lightgbm,,77
