threshold_type,threshold,model,feature_group,pr_auc,roc_auc,precision,recall,f1,accuracy,mcc,tn,fp,fn,tp,cost,n_samples,positive_support
default_0_5,0.5,lightgbm,transaction_basic,0.6306521929861992,0.9181314509828111,0.8726790450928382,0.39166666666666666,0.5406737880032868,0.9767083333333333,0.575815197176452,23112,48,511,329,5158,24000,840
cost_sensitive,0.07,lightgbm,transaction_basic,0.6306521929861992,0.9181314509828111,0.3696568332329922,0.7309523809523809,0.4910035985605758,0.9469583333333333,0.49654083524891,22113,1047,226,614,3307,24000,840
