error_type,count,mean,median,q25,q75,maximum
FN,226,141.31559734513274,95.5,49.0,154.5,2049.95
FP,1047,178.65575262655204,93.338,40.3005,200.0,3163.95
TN,22113,130.07891991136435,65.95,43.623,117.0,5277.95
TP,614,151.7125993485342,69.687,33.8605,150.0,3191.0
