threshold_type,threshold,model,feature_group,pr_auc,roc_auc,precision,recall,f1,accuracy,mcc,tn,fp,fn,tp,cost,n_samples,positive_support
default_0_5,0.5,lightgbm,transaction_basic,0.4904903247851724,0.8872796774075832,0.7719298245614035,0.32273838630806845,0.45517241379310347,0.9736666666666667,0.48893282472160815,23104,78,554,264,5618,24000,818
cost_sensitive,0.06,lightgbm,transaction_basic,0.4904903247851724,0.8872796774075832,0.2850293020777837,0.6540342298288508,0.3970315398886827,0.9322916666666666,0.40285567809484846,21840,1342,283,535,4172,24000,818
