split,n_rows,positive_count,positive_rate,transaction_dt_min,transaction_dt_max
train,72000,2427,0.03370833333333333,86499,8724304
valid,24000,954,0.03975,8724330,12234209
test,24000,818,0.034083333333333334,12234253,15811047
